INDEX,TARGET_AMT,TARGET_FLAG
3,2012.6554270356755,1.0
9,2613.086481000324,1.0
10,1249.8939258042828,1.0
18,1935.4030543548688,1.0
21,2101.5692862978826,1.0
30,1969.6773934579617,1.0
31,1787.3595455937216,1.0
37,2782.876443095479,1.0
39,687.2078222429792,1.0
47,1616.8711049034996,1.0
60,306.41105251887757,1.0
62,2943.6619721388106,1.0
63,4031.590976274465,1.0
64,778.9609298693892,1.0
68,55.352206686653744,1.0
75,3400.8300587488957,1.0
76,2867.3286920415317,1.0
83,1348.357644656518,1.0
87,1860.568893743378,1.0
92,1960.8735720325699,1.0
98,1881.185919277787,1.0
106,1241.4210541176628,1.0
107,869.9959761706997,1.0
113,1900.20546209143,1.0
120,1975.7268998339787,1.0
123,2370.7342118988877,1.0
125,2215.831045388605,1.0
126,3091.971473965975,1.0
128,887.46932341699,1.0
129,1579.7362661457862,1.0
131,823.9715004964274,1.0
135,2680.0174403089727,1.0
141,667.7966987892366,1.0
147,1557.8532330120897,1.0
148,1407.606282199688,1.0
151,696.6350109932913,1.0
156,1310.839067796911,1.0
157,1545.105389823162,1.0
174,189.40241584777527,1.0
186,3051.9552833166945,1.0
193,1768.3302278582082,1.0
195,2639.759905482829,1.0
212,-85.0897147433036,0.0
213,2715.5109069710957,1.0
217,-1335.7905756691766,0.0
223,1171.9319790109862,1.0
226,646.6787387603357,1.0
228,2151.1207367786396,1.0
230,-464.63169644535924,0.0
241,2601.6092759158737,1.0
243,414.94153818496716,1.0
249,2145.761661117275,1.0
281,4099.3854014317585,1.0
288,856.7351745745261,1.0
294,2392.7267798388816,1.0
295,2195.352419153399,1.0
300,1902.6437486626817,1.0
302,2479.880847384668,1.0
303,577.6943467636007,1.0
308,2340.7135476777394,1.0
319,-928.7317648852909,0.0
320,656.650640983222,1.0
324,2214.2381381192636,1.0
331,1966.5977219364736,1.0
343,179.36321323845573,1.0
347,1175.6332286822972,1.0
348,4008.301758033684,1.0
350,3696.0043151561767,1.0
357,1302.4571139016691,1.0
358,1302.6049749781998,1.0
360,139.98247034768224,1.0
366,1732.7363663003641,1.0
367,3536.2290438451932,1.0
368,1695.755466444978,1.0
376,3200.0869926502646,1.0
380,2015.2730655417522,1.0
388,1856.1027764423252,1.0
396,1735.3346396636264,1.0
398,973.9840013208219,1.0
403,114.35960174283059,1.0
410,2327.026780692468,1.0
412,2598.199119965874,1.0
420,2232.3542678982817,1.0
434,435.2539797858185,1.0
440,2362.6092931827293,1.0
450,3250.2269502958206,1.0
453,1567.3679131514305,1.0
464,1683.4540152731593,1.0
465,64.88773310214856,1.0
466,3827.8409449227547,1.0
473,982.0448908988069,1.0
476,444.48592913520633,1.0
478,-255.14322538639885,0.0
479,1583.1888047013174,1.0
493,650.5361058366725,1.0
497,2265.9906347301558,1.0
503,-891.746138307316,0.0
504,1775.5461569597792,1.0
505,2466.364760822378,1.0
507,1416.3341337263132,1.0
513,1591.159253554531,1.0
519,2998.5998429744322,1.0
521,3054.371028703751,1.0
522,3218.812583874588,1.0
545,1439.3026702570937,1.0
549,886.0254273228927,1.0
551,1359.7110475275056,1.0
556,596.7175410562876,1.0
557,2872.9097441434387,1.0
559,1428.0687113049953,1.0
560,2950.072929559493,1.0
566,-277.5019593904635,0.0
569,1394.372658264789,1.0
573,1613.4874935086523,1.0
578,3158.6114811212738,1.0
579,-275.0497207284966,0.0
582,-618.9809712361653,0.0
596,2935.1071641623153,1.0
598,2052.619899949422,1.0
599,1551.7944480738256,1.0
602,1313.9994027842695,1.0
605,3672.847077130457,1.0
617,2759.0150297624664,1.0
619,2250.1778481736355,1.0
630,1689.4397625704648,1.0
634,2168.311995069096,1.0
643,1974.737339444491,1.0
645,1017.3445923627323,1.0
647,1944.6484711156002,1.0
649,710.3214420856962,1.0
656,862.7317564016623,1.0
657,859.9678378533608,1.0
658,1260.1361786908371,1.0
667,487.3012187134574,1.0
692,1983.6535756038106,1.0
693,2335.715825242057,1.0
698,3995.2037699535163,1.0
699,3258.2798721829813,1.0
700,349.1955235359801,1.0
704,617.082947754277,1.0
707,569.8296591507549,1.0
708,2990.758494677976,1.0
709,748.8849330460858,1.0
713,478.3307536358111,1.0
714,476.55960316631433,1.0
716,2972.956571419849,1.0
718,870.9574462611206,1.0
722,1061.8948445506064,1.0
729,3249.814967307127,1.0
731,496.5189693831968,1.0
733,3579.2101250438905,1.0
746,2540.661648786002,1.0
747,3791.145495200521,1.0
748,2170.0714575098323,1.0
753,1764.4513765998329,1.0
757,2192.4307392662204,1.0
763,546.115509800043,1.0
767,652.2836298812534,1.0
774,2217.591650693802,1.0
776,2400.89228093292,1.0
788,1484.1573909766737,1.0
794,1000.3321627181836,1.0
799,1714.2302752618714,1.0
803,804.7429611111766,1.0
806,4687.385005000387,1.0
807,1533.22215275029,1.0
811,964.2919873930384,1.0
816,1597.6611165796228,1.0
818,2010.439798454447,1.0
819,1673.2477305445489,1.0
831,815.5774161035345,1.0
835,2978.701753037307,1.0
837,1814.4810376005703,1.0
841,4146.07222874674,1.0
846,2181.142076185448,1.0
856,1599.5036822072313,1.0
861,3219.8905393945597,1.0
862,3026.4892164299536,1.0
863,3538.9519138604296,1.0
865,3011.3629575379537,1.0
871,3094.5073405972785,1.0
879,2228.7216753544853,1.0
880,519.7033546780873,1.0
881,2083.537712055016,1.0
885,1830.556339671506,1.0
887,2059.6583576178373,1.0
892,786.2347336942019,1.0
898,-78.17293827977278,0.0
900,1361.2014703196944,1.0
904,2794.5644833219976,1.0
906,2379.32281547197,1.0
910,2594.564309163712,1.0
912,2951.9670206320698,1.0
913,1555.9152632342614,1.0
919,675.2070549328149,1.0
924,1955.2620227465832,1.0
925,1933.9755494736962,1.0
930,1696.5319998677642,1.0
940,1164.4920960998581,1.0
941,1405.806103168114,1.0
946,1955.2797182255672,1.0
949,1778.3949044067697,1.0
951,622.2008942639249,1.0
962,671.2051455839719,1.0
966,524.9706992808566,1.0
967,-564.0862036082858,0.0
971,4222.406510908418,1.0
981,614.3324374589076,1.0
982,704.4217048806337,1.0
983,990.6331819038288,1.0
984,-186.87051913766823,0.0
989,1613.364044271809,1.0
990,2708.6750528566345,1.0
992,2885.946234381123,1.0
995,-466.27592424133695,0.0
996,2131.243065012533,1.0
998,2515.8938039299665,1.0
1001,410.9298172693095,1.0
1007,1220.6038159295408,1.0
1008,-136.61121063616338,0.0
1016,247.86389595695164,1.0
1022,194.71964990395827,1.0
1027,2341.307632600171,1.0
1032,2161.8211726557365,1.0
1033,1395.125361433008,1.0
1041,1363.3181519494476,1.0
1065,3301.569431588903,1.0
1074,2462.318521413045,1.0
1075,2110.204713717297,1.0
1081,1566.4502054590732,1.0
1094,-435.99527878009917,0.0
1099,1384.8458495382972,1.0
1105,3613.1021921177585,1.0
1123,518.0323829397244,1.0
1135,-1066.2099863664494,0.0
1142,1128.5541563346112,1.0
1155,658.5333920717501,1.0
1169,165.44167627007937,1.0
1176,197.5478482859687,1.0
1178,3175.9282354054167,1.0
1180,-281.5930952125136,0.0
1184,1072.1276456640185,1.0
1185,3631.0293311886207,1.0
1193,2071.815006759135,1.0
1196,1078.7037028167156,1.0
1199,2228.1035255040706,1.0
1203,1637.7539846301934,1.0
1205,1304.4870458507048,1.0
1207,-17.07022077947522,0.0
1208,2256.4793284790694,1.0
1212,2393.225498453704,1.0
1213,2378.790641872966,1.0
1222,767.6291520231994,1.0
1223,1890.261156137112,1.0
1226,1771.5405128562563,1.0
1227,2066.245240628318,1.0
1229,577.0070588123422,1.0
1230,1993.1915064733341,1.0
1231,2269.193366440817,1.0
1241,1057.1562908769306,1.0
1243,-88.63633034906388,0.0
1244,1277.689392749912,1.0
1246,1044.9516071252792,1.0
1248,1572.7189388607298,1.0
1249,1227.3081595062895,1.0
1252,361.6655099097038,1.0
1261,491.33008827693607,1.0
1275,527.0289469834833,1.0
1281,4605.235242298347,1.0
1285,1932.2512805502984,1.0
1288,2458.4708641593447,1.0
1290,308.28444073746186,1.0
1291,1714.9546191155657,1.0
1304,3796.0851520770243,1.0
1305,1139.5006016977595,1.0
1323,2292.345235165826,1.0
1342,4099.650744273784,1.0
1348,1328.6991823180695,1.0
1353,1939.3778485656094,1.0
1363,1107.3547182354953,1.0
1371,1590.1624476842655,1.0
1372,1769.0217108615243,1.0
1378,993.0859699324901,1.0
1381,1760.8335267998045,1.0
1382,2103.0006488272948,1.0
1393,2199.4427699925973,1.0
1394,168.06175762148428,1.0
1398,1012.4784522299561,1.0
1404,1706.9723884709954,1.0
1405,3716.686208338109,1.0
1419,1886.9121929297826,1.0
1421,760.0177058419467,1.0
1426,709.4590779217076,1.0
1431,2249.378999624927,1.0
1435,860.5773738218559,1.0
1437,1781.6700524037876,1.0
1438,1608.4414737788015,1.0
1442,2721.2518785985967,1.0
1464,868.3845184765818,1.0
1471,2155.980198017151,1.0
1473,1682.917305986201,1.0
1476,37.69464460095878,1.0
1478,1495.6366469946454,1.0
1479,3204.219680460339,1.0
1487,1761.4362453812766,1.0
1492,2555.6519806407305,1.0
1496,988.070463727815,1.0
1497,1880.7222838249797,1.0
1515,-525.5892113698533,0.0
1519,1875.2961207202125,1.0
1522,3984.5276671376414,1.0
1526,1579.1131843633714,1.0
1537,242.6237220840503,1.0
1538,4508.185252419557,1.0
1540,1873.6296708871434,1.0
1543,883.938908079735,1.0
1548,1585.5546523844646,1.0
1549,511.605388142818,1.0
1556,2575.237542771622,1.0
1564,-301.0552946997477,0.0
1570,828.7432538847858,1.0
1577,2630.7869228827863,1.0
1585,1481.1494965069246,1.0
1590,1359.3921862581012,1.0
1592,2989.1394353969263,1.0
1594,2282.776023216,1.0
1596,3506.6197228407627,1.0
1598,701.23974715754,1.0
1603,2291.4066244149644,1.0
1607,725.1203337921112,1.0
1612,870.6368920097353,1.0
1627,299.5612720025997,1.0
1629,3804.889341872974,1.0
1630,533.1091650929117,1.0
1640,3252.956404991027,1.0
1641,2220.2035596010523,1.0
1646,1377.0376383980933,1.0
1662,2238.056784640217,1.0
1668,1438.0977273765677,1.0
1671,605.4683193260219,1.0
1672,2511.6289776742524,1.0
1673,3831.6213574887993,1.0
1686,1958.2603645813308,1.0
1688,2864.3303989143897,1.0
1696,-301.4514809465836,0.0
1701,-4.384872230098381,0.0
1707,931.026413277247,1.0
1708,22.89586494396417,1.0
1713,430.1410747147788,1.0
1715,758.4643065846128,1.0
1717,43.90350379577512,1.0
1721,2892.6693006734536,1.0
1724,4490.391840491795,1.0
1725,4234.610459963271,1.0
1730,992.449380651519,1.0
1731,2309.2115291203245,1.0
1734,2243.3870895379478,1.0
1740,1225.5470835775864,1.0
1748,-173.09316509851737,0.0
1749,355.0046275551563,1.0
1750,3097.489798923624,1.0
1763,1287.0502722729493,1.0
1768,225.87905014571925,1.0
1773,2260.4038355140046,1.0
1777,728.5029530296771,1.0
1778,2954.913926607892,1.0
1780,673.031812153847,1.0
1782,826.2817089477131,1.0
1784,177.41811791604255,1.0
1786,1087.002642979216,1.0
1787,1262.6878802620097,1.0
1792,1627.3690528232078,1.0
1800,3389.9934638530103,1.0
1801,1505.401382273236,1.0
1803,658.0079456793436,1.0
1804,2579.701994257684,1.0
1807,-798.0983451748157,0.0
1818,2858.588012532291,1.0
1821,-8.743992872270837,0.0
1822,1552.9387906205109,1.0
1828,1119.2350987593918,1.0
1833,1427.9038143793637,1.0
1844,2125.848275687989,1.0
1847,1478.2045387245576,1.0
1850,702.1467785232985,1.0
1854,2348.5659199612496,1.0
1858,2738.58816946434,1.0
1864,830.7479040073931,1.0
1867,294.4095672540402,1.0
1876,3030.8075530673623,1.0
1880,1402.1334194519684,1.0
1881,1058.7174976381339,1.0
1891,854.3480234784599,1.0
1894,1172.070597068238,1.0
1895,529.969424599364,1.0
1901,2462.157538682749,1.0
1905,648.4800140650021,1.0
1912,1772.5710624365424,1.0
1918,2017.9409349258208,1.0
1921,2696.794585675354,1.0
1923,1835.832631673635,1.0
1924,1577.1548884665906,1.0
1931,185.09178086851261,1.0
1941,594.8502118283105,1.0
1950,468.0763687249838,1.0
1951,714.1032407195613,1.0
1954,-856.9282209057251,0.0
1961,3284.227549283708,1.0
1966,-480.9198854850911,0.0
1979,597.466249782702,1.0
1982,714.8154537292659,1.0
1987,3203.7624200600876,1.0
1997,2902.014984267204,1.0
2004,-312.07347704838025,0.0
2011,2534.163897051688,1.0
2015,1736.1101110600484,1.0
2025,-240.753249720628,0.0
2033,1294.2021588746404,1.0
2034,-746.0150883343499,0.0
2035,2088.185392325232,1.0
2036,2468.821998868242,1.0
2053,3727.70530103545,1.0
2059,4665.225479181767,1.0
2060,528.7663218556728,1.0
2073,1104.2837481621807,1.0
2084,2169.477340847824,1.0
2089,1117.5628549204996,1.0
2092,960.2615720992256,1.0
2109,2353.6606434127307,1.0
2129,2278.795656932937,1.0
2134,1660.9353737821928,1.0
2135,-678.0786158488422,0.0
2148,-196.81387691199052,0.0
2149,-312.8971687663209,0.0
2150,1718.923796093461,1.0
2165,4292.980427370727,1.0
2166,-343.6367587674458,0.0
2168,759.1397867233227,1.0
2170,1993.7699351780316,1.0
2171,1036.4889508670822,1.0
2172,-237.03686299189212,0.0
2176,1474.6376619003972,1.0
2182,59.35607878063979,1.0
2189,915.8925975707841,1.0
2191,-15.442623340977661,0.0
2197,-328.8612301567525,0.0
2202,1272.8888698414885,1.0
2203,1477.1217193357375,1.0
2204,2944.6459588986763,1.0
2206,3664.9280913289435,1.0
2218,678.094474690675,1.0
2219,1574.3383956009054,1.0
2221,2183.989725896395,1.0
2226,1145.6104403406525,1.0
2228,2521.624992771194,1.0
2232,2555.4606912928757,1.0
2236,2406.136995794164,1.0
2241,4728.560132635319,1.0
2245,342.9566695918627,1.0
2251,1041.977305467915,1.0
2255,48.74904078123063,1.0
2256,25.616042407301393,1.0
2259,-678.9923488272489,0.0
2263,1459.774959907341,1.0
2264,1154.8081327968277,1.0
2267,540.3645147199995,1.0
2273,4052.6899367817264,1.0
2277,2418.058283386022,1.0
2287,813.7468075257467,1.0
2289,2423.5725298363122,1.0
2291,145.35097747454984,1.0
2296,3388.6757668485525,1.0
2299,1085.8125934968457,1.0
2306,52.5443096867516,1.0
2314,2632.9987808007827,1.0
2317,-708.4370308420744,0.0
2318,3173.822005664788,1.0
2321,4145.945220679258,1.0
2324,-176.22192683454068,0.0
2340,1837.8272319700081,1.0
2343,-63.549185757548,0.0
2349,1036.2751765841172,1.0
2352,2701.3209455129336,1.0
2353,1684.5365882185054,1.0
2365,3133.621233465007,1.0
2370,2366.208671868837,1.0
2378,1895.7323874208396,1.0
2390,2520.1610582092208,1.0
2399,1625.3197422125077,1.0
2402,3929.7180082554346,1.0
2403,2799.2875119361256,1.0
2404,514.1493406686684,1.0
2414,853.1656602154661,1.0
2422,1588.6753111335634,1.0
2424,2056.1221675296833,1.0
2430,2532.0376040237425,1.0
2435,1685.4193102915629,1.0
2439,715.6536838566093,1.0
2442,2346.4923141757918,1.0
2445,2429.378346551159,1.0
2449,1640.0714497996125,1.0
2451,1641.9042388043163,1.0
2461,3759.2406110192305,1.0
2464,1984.624278173989,1.0
2465,3649.709189568461,1.0
2472,421.5843508398268,1.0
2476,2581.088624850843,1.0
2482,1323.422093753452,1.0
2487,2406.0145869322278,1.0
2498,1901.179302396989,1.0
2501,1053.4834872432648,1.0
2504,1909.824153710175,1.0
2511,2008.336444213838,1.0
2518,-432.9273602273147,0.0
2521,1622.770366677583,1.0
2530,1332.4115075892955,1.0
2543,3206.2580185949296,1.0
2545,2217.3186233192882,1.0
2561,2229.2648662843035,1.0
2566,2897.1883721111735,1.0
2572,1162.3370465418614,1.0
2577,890.1702079844766,1.0
2578,2112.587940422233,1.0
2580,1838.1519501838716,1.0
2581,1484.4790220770453,1.0
2582,819.5791625488584,1.0
2584,197.75841099716536,1.0
2590,207.77496865280045,1.0
2598,-1158.3210886426773,0.0
2602,1297.706578438938,1.0
2605,-644.9889119129734,0.0
2616,814.5396157258866,1.0
2618,1813.6558556650837,1.0
2619,1985.7956992646475,1.0
2624,-81.48956924173945,0.0
2632,1669.7415973515751,1.0
2640,1271.5035881873298,1.0
2646,-539.933690515456,0.0
2651,1293.8323797686776,1.0
2660,22.78790634453253,1.0
2661,73.31533877339166,1.0
2668,692.4621847516165,1.0
2670,1802.3901075413378,1.0
2680,2417.3999595216296,1.0
2681,-693.6525784819596,0.0
2689,991.6291895038963,1.0
2694,518.2665277295969,1.0
2695,4609.722715368001,1.0
2696,3191.836846185829,1.0
2702,-210.60659406314107,0.0
2704,772.7889041751673,1.0
2708,1045.8871363151682,1.0
2709,128.32982042874755,1.0
2714,2020.1136653650847,1.0
2716,628.6138449246929,1.0
2723,708.9965102392696,1.0
2725,1885.1594117787024,1.0
2738,791.4270763871586,1.0
2750,2400.643964118526,1.0
2756,1306.847378132792,1.0
2758,-16.143511859753517,0.0
2766,1006.4084140262212,1.0
2767,1883.0496940653552,1.0
2771,1571.0221118160066,1.0
2775,2451.2858138429974,1.0
2776,1806.9566491149408,1.0
2779,4922.074716152948,1.0
2780,1536.0596098745566,1.0
2781,2461.516819513852,1.0
2782,3087.9871848455305,1.0
2783,586.4253984804568,1.0
2796,1533.786287937219,1.0
2798,2334.4878422960505,1.0
2800,424.49980752466126,1.0
2803,1219.843868271927,1.0
2806,-1457.9561695559846,0.0
2813,889.4366268205467,1.0
2818,538.2233578585548,1.0
2821,2419.174189431138,1.0
2825,1496.7073200503785,1.0
2829,403.7153461679509,1.0
2830,3196.3564532125984,1.0
2833,756.2594723343927,1.0
2839,3472.621298270503,1.0
2843,584.3608455046241,1.0
2846,593.9494120689164,1.0
2847,972.5847156324098,1.0
2848,1082.0209060022835,1.0
2856,4063.7239310676814,1.0
2863,2386.4684017285026,1.0
2867,2035.7542841852262,1.0
2869,1348.4799612011589,1.0
2873,-1270.33088509633,0.0
2874,1964.3492396334786,1.0
2875,2130.93139842224,1.0
2880,2660.532375111706,1.0
2886,3143.5803280140985,1.0
2887,1715.369901663295,1.0
2888,1301.2401942743854,1.0
2889,2413.9406292786307,1.0
2890,2483.923067557464,1.0
2892,2300.528559307642,1.0
2901,1026.5167309604324,1.0
2902,1257.9877388833265,1.0
2905,2380.9476047814915,1.0
2917,2166.666452829645,1.0
2922,3650.5711391770196,1.0
2924,96.84718579188484,1.0
2930,1582.5642799375387,1.0
2931,1116.9791188690037,1.0
2946,1230.458439930775,1.0
2955,2293.5211047246494,1.0
2962,-850.5901032154529,0.0
2964,261.8448393362139,1.0
2965,2594.4516060173446,1.0
2967,-115.10888799012037,0.0
2970,681.0847353949786,1.0
2973,2230.388439989831,1.0
2974,1707.2097665050744,1.0
2976,3978.0792218325137,1.0
2977,2431.6430489149398,1.0
2978,916.8917235918052,1.0
2986,640.5647855212679,1.0
2988,2298.202372462284,1.0
2989,1666.108398854747,1.0
2995,3909.339510429751,1.0
3005,3024.9316133406896,1.0
3011,1208.73745055691,1.0
3013,401.8114475349928,1.0
3019,2886.5802824375633,1.0
3021,518.1252667939207,1.0
3022,2150.2863665871605,1.0
3029,943.1739835857743,1.0
3037,1257.7680806088872,1.0
3042,129.75206889081505,1.0
3043,1285.6106290751611,1.0
3049,1474.3723417296105,1.0
3050,3013.0850981356007,1.0
3053,1326.3518454872826,1.0
3058,2178.1710533808923,1.0
3062,1215.8391002645658,1.0
3063,3106.2393380604144,1.0
3065,191.94490148029217,1.0
3080,315.7583714932723,1.0
3088,2282.50676962105,1.0
3093,2750.6269038591895,1.0
3096,2150.3089436291616,1.0
3101,2265.3299050686,1.0
3103,2728.3618391643367,1.0
3107,2131.3464525539193,1.0
3109,734.8264748600078,1.0
3111,116.92753037778584,1.0
3113,3387.3062756035715,1.0
3116,-1412.6360494640371,0.0
3132,970.3090127394041,1.0
3141,1314.8084754935148,1.0
3153,2011.3384139001982,1.0
3154,469.86391760604477,1.0
3160,933.1525225774086,1.0
3167,655.6557437857733,1.0
3170,2573.234833718403,1.0
3173,1688.8429290627853,1.0
3174,1992.0343549625823,1.0
3177,1591.6912262580345,1.0
3179,871.9260472170951,1.0
3184,1980.674590538977,1.0
3190,1936.7078380547678,1.0
3193,803.7063047180097,1.0
3199,1144.566883904547,1.0
3201,504.2414121274578,1.0
3202,1568.9905924550928,1.0
3203,2858.461195429852,1.0
3206,2953.67332699446,1.0
3209,103.95352264710118,1.0
3210,1799.9907286379316,1.0
3217,1892.8182930365992,1.0
3220,1254.8017419931803,1.0
3228,2697.515587602589,1.0
3232,-414.5873891336564,0.0
3239,812.6314219836441,1.0
3243,3514.7736160314244,1.0
3245,1335.0252032699243,1.0
3246,2245.0196721794946,1.0
3251,-177.0014932421832,0.0
3253,1286.0724994181614,1.0
3257,-36.60285247080992,0.0
3260,-573.4524814336723,0.0
3261,1591.619305069566,1.0
3263,1411.3349090625484,1.0
3278,2098.1138448096826,1.0
3281,1255.1518584163177,1.0
3283,792.928385729487,1.0
3290,-404.50749972845347,0.0
3297,1855.4836078358167,1.0
3304,105.48216578287384,1.0
3305,1877.253097201583,1.0
3307,315.2628439807286,1.0
3308,2759.6866009429323,1.0
3313,1515.3660140235245,1.0
3314,1863.0510073994835,1.0
3317,1631.631628426194,1.0
3348,495.71167891626976,1.0
3350,1573.6387513590603,1.0
3359,-286.87620826800025,0.0
3367,753.0993160801437,1.0
3376,1601.8717989297488,1.0
3378,1695.3307719274767,1.0
3384,4126.469681694381,1.0
3386,1646.6191394704474,1.0
3387,595.331902860428,1.0
3388,813.7370060934674,1.0
3390,-312.11806362413427,0.0
3391,2404.290177852644,1.0
3396,2293.5188738963075,1.0
3398,70.34329544831508,1.0
3404,-42.62622778100899,0.0
3406,574.028089260008,1.0
3407,105.05955666819591,1.0
3414,252.2819578650292,1.0
3419,721.4538863373009,1.0
3423,2381.6845220593596,1.0
3427,12.210596195442122,1.0
3432,506.6764063042215,1.0
3434,711.3779201204782,1.0
3438,483.39968584155474,1.0
3442,1212.3681426900819,1.0
3443,674.6798200527279,1.0
3448,1289.4545877626654,1.0
3456,559.7806525977884,1.0
3464,676.0195188860657,1.0
3470,1939.5651942624634,1.0
3475,2951.9114746939003,1.0
3477,2161.247526498239,1.0
3490,726.5965163138385,1.0
3493,2305.8026202691585,1.0
3502,2732.1868469758538,1.0
3508,821.3683581386737,1.0
3516,389.07608463383144,1.0
3517,1156.6405193314376,1.0
3525,1548.6098237378562,1.0
3532,2611.8885973663237,1.0
3535,1482.3120650598705,1.0
3536,3128.7833523554837,1.0
3540,1606.8888752746266,1.0
3547,2246.0510590533117,1.0
3550,2661.872675325456,1.0
3557,3373.694520231743,1.0
3562,1969.6474297670552,1.0
3563,637.4216145532702,1.0
3564,1728.1815482356305,1.0
3570,777.8120098072035,1.0
3573,1871.763323435893,1.0
3577,2554.7715537461454,1.0
3579,2984.740349608548,1.0
3581,244.74041198199484,1.0
3587,1787.793203398115,1.0
3602,2005.7178124154457,1.0
3609,2678.3468867843276,1.0
3612,1264.2403742424751,1.0
3621,1503.2843445092954,1.0
3642,1423.0002581572937,1.0
3647,3960.4872112981534,1.0
3649,2774.753114628293,1.0
3654,3165.0787130762574,1.0
3660,2164.784410141495,1.0
3665,2968.0457551926975,1.0
3669,1585.015258113154,1.0
3673,2374.8580018702382,1.0
3675,3070.645501106459,1.0
3678,23.530069905985783,1.0
3680,2221.837814389726,1.0
3686,2862.5711627088012,1.0
3693,1987.3062504559605,1.0
3710,3585.1833930674406,1.0
3713,-1.0183075004738384,0.0
3718,2324.191429387988,1.0
3725,805.7561784256527,1.0
3726,1908.5218083796694,1.0
3747,1120.2482975519065,1.0
3753,-399.0054685624659,0.0
3754,1858.3019777369489,1.0
3760,4013.158159446121,1.0
3763,417.9905699432434,1.0
3765,2429.8361400272865,1.0
3769,964.9178482112134,1.0
3771,3453.6978566457656,1.0
3784,903.288207337911,1.0
3787,2154.9134029929824,1.0
3794,1866.4249514164728,1.0
3796,1279.0509534996845,1.0
3798,236.9145236118734,1.0
3809,1159.8023182588304,1.0
3812,2409.2563788384095,1.0
3819,2359.334780023073,1.0
3828,1081.4640910335556,1.0
3831,846.3657006516604,1.0
3833,756.1548208471417,1.0
3837,3213.5734061037724,1.0
3839,4090.768947298976,1.0
3843,2361.842344495059,1.0
3846,1509.8386737693966,1.0
3854,-190.8150491923193,0.0
3861,437.9014891574252,1.0
3864,1828.7316117468806,1.0
3868,354.8956887594811,1.0
3869,883.2865048027529,1.0
3870,711.0255647404231,1.0
3883,1220.859707990734,1.0
3886,-28.677110836136762,0.0
3889,2434.620507245981,1.0
3894,2589.6272494617115,1.0
3907,245.69694927086584,1.0
3910,1584.6703817723624,1.0
3913,-606.5981081509367,0.0
3914,1744.3681931371127,1.0
3921,1289.4006072275163,1.0
3923,15.437109492580248,1.0
3929,3361.6406140001873,1.0
3931,3026.072256539621,1.0
3932,1738.3532407119567,1.0
3937,2734.77141161715,1.0
3943,1113.1212824862891,1.0
3956,2978.814140205117,1.0
3957,1309.1275301576577,1.0
3961,2650.7427941419664,1.0
3971,959.0259878096109,1.0
4004,1239.5956019534697,1.0
4005,557.0635663091832,1.0
4006,-449.6367011705829,0.0
4011,992.0924290981152,1.0
4013,1313.9831833275073,1.0
4014,829.6164332115546,1.0
4016,2579.196391322729,1.0
4017,-212.18856086309916,0.0
4020,591.0697693003334,1.0
4022,1448.2282937360383,1.0
4026,1558.1889313618838,1.0
4032,1361.0423903560536,1.0
4043,477.24682585978485,1.0
4045,1170.5670367518705,1.0
4048,1208.542443679148,1.0
4051,699.8423099342177,1.0
4052,2071.310105432561,1.0
4056,-330.71482788605545,0.0
4059,-236.61908053511138,0.0
4069,82.73745230564782,1.0
4074,1252.4564472599563,1.0
4076,2642.4765731043394,1.0
4077,3858.4520018399285,1.0
4079,3093.985547765411,1.0
4081,2959.0023643103095,1.0
4088,852.6393699266457,1.0
4105,1762.054985681397,1.0
4125,1281.5832748883795,1.0
4134,2416.879099921449,1.0
4139,-1370.141066531272,0.0
4146,1001.795092634686,1.0
4149,1296.2795995584374,1.0
4151,3984.441754653997,1.0
4155,519.969467809502,1.0
4157,1226.525765702019,1.0
4168,3314.7963781351677,1.0
4170,1451.4685785485199,1.0
4174,422.5994841416891,1.0
4179,2070.6418240760822,1.0
4185,74.26086493480807,1.0
4199,3912.537960358348,1.0
4205,553.3906362058442,1.0
4208,-450.0258488206073,0.0
4211,2659.9169217446297,1.0
4212,298.7093256548592,1.0
4215,3413.059728084844,1.0
4217,1699.7793169674387,1.0
4219,3809.270981850912,1.0
4226,1843.8018836867031,1.0
4227,1194.1621712889048,1.0
4229,28.670873877892745,1.0
4231,1501.7782296605,1.0
4233,-870.4801539848631,0.0
4237,1622.0896570540076,1.0
4243,2699.092435954459,1.0
4248,1841.7984132994115,1.0
4255,1285.7934168207446,1.0
4262,1070.3857325065376,1.0
4266,2922.4078163201466,1.0
4268,2020.8411044546754,1.0
4270,4090.084660859574,1.0
4273,349.4599316910678,1.0
4276,929.6364028211459,1.0
4277,1482.9663925782486,1.0
4279,2009.0474450367146,1.0
4299,686.7601414252629,1.0
4313,302.83598383720596,1.0
4322,640.7207790101094,1.0
4324,685.1680489291491,1.0
4328,2081.664878067188,1.0
4331,2222.268316232389,1.0
4335,501.035742737241,1.0
4337,1998.0555984330567,1.0
4338,2100.377522870543,1.0
4343,530.234676482475,1.0
4347,940.3005920766825,1.0
4355,3930.8252465912783,1.0
4357,-972.3550261702953,0.0
4359,346.1526702175181,1.0
4362,1479.840952635561,1.0
4368,3210.120442779359,1.0
4374,280.60355091864494,1.0
4375,2256.1358318819834,1.0
4378,2201.4855419206924,1.0
4381,3848.963176091317,1.0
4387,1385.4294004510107,1.0
4400,-743.6212005377351,0.0
4423,946.8377683901092,1.0
4424,-376.2968873799791,0.0
4428,1292.210581217007,1.0
4433,4508.36435994887,1.0
4436,2016.1011173934826,1.0
4437,1167.2810476510144,1.0
4439,1554.5767619413125,1.0
4449,1363.4746577214482,1.0
4456,296.09878217643086,1.0
4463,604.5223827319192,1.0
4467,500.02628773586525,1.0
4468,801.5356481876207,1.0
4469,409.6528775708182,1.0
4472,2254.147402623914,1.0
4473,218.13877018670723,1.0
4476,3350.693732886344,1.0
4500,-199.98688906738334,0.0
4509,1460.497710820124,1.0
4513,3966.0793358074943,1.0
4521,1010.9040570293962,1.0
4527,3496.82491202182,1.0
4530,2145.9539248898827,1.0
4532,2497.4887630331477,1.0
4533,539.1946330371848,1.0
4535,1577.2055686934737,1.0
4536,2896.348776628928,1.0
4542,1641.7814716098915,1.0
4551,3507.021447432344,1.0
4554,641.1632249664772,1.0
4555,1168.7971140992126,1.0
4564,1748.2527901151777,1.0
4572,2273.155841187162,1.0
4573,1756.6918089565374,1.0
4577,1990.57653569722,1.0
4579,2144.915713343621,1.0
4583,-330.81852972322304,0.0
4584,2003.4010573507694,1.0
4596,-51.29595581392755,0.0
4599,1070.6293407759772,1.0
4607,2519.325613572757,1.0
4609,1902.9772575252346,1.0
4610,283.21103613276,1.0
4616,2105.512462963775,1.0
4617,1604.0589853027475,1.0
4633,1126.6324326454164,1.0
4638,2112.5134566495913,1.0
4641,425.88813721957104,1.0
4653,1718.6110829659617,1.0
4655,2302.5389732181657,1.0
4659,1916.5922929776107,1.0
4669,640.1129590858787,1.0
4678,1076.6964930695058,1.0
4685,3364.8129505174215,1.0
4686,2035.5215888643124,1.0
4691,2004.068308580409,1.0
4695,1249.9788503835625,1.0
4698,1679.6320652316815,1.0
4700,2405.1667458465035,1.0
4711,1698.5982550905462,1.0
4722,544.842355916618,1.0
4727,1533.4088764327864,1.0
4756,-1212.132025749715,0.0
4762,1467.2891928368895,1.0
4763,2229.109950447644,1.0
4766,691.6540531290905,1.0
4770,650.0347475312456,1.0
4784,2400.401873272441,1.0
4791,1080.3109853853032,1.0
4795,280.1547642779806,1.0
4799,3388.324280415858,1.0
4802,2908.262021261412,1.0
4805,3229.76090577207,1.0
4814,2610.477154066629,1.0
4816,2442.7694611925203,1.0
4817,542.7463692801892,1.0
4822,1512.2765015248394,1.0
4827,3067.704459028653,1.0
4833,1308.5196712009053,1.0
4836,340.79088828834847,1.0
4842,2562.306632794442,1.0
4844,1048.1607958345942,1.0
4845,1727.1413014495306,1.0
4849,672.708463946967,1.0
4850,1755.554797728758,1.0
4860,-431.66780356038316,0.0
4863,1547.2097156255015,1.0
4871,1500.5506764654385,1.0
4878,1327.3067053865539,1.0
4881,3677.719767682361,1.0
4888,2901.2953627372303,1.0
4900,1550.6744147311967,1.0
4906,2669.6926506198542,1.0
4909,-181.490136622813,0.0
4916,552.2545258187338,1.0
4918,2346.472858682089,1.0
4926,1880.4607905361001,1.0
4928,1592.9664823986482,1.0
4941,2069.335881597847,1.0
4946,1688.6499379361185,1.0
4949,562.9662982122026,1.0
4956,253.36466145971963,1.0
4966,511.5388175445877,1.0
4969,1593.926924346316,1.0
4973,809.7129357122271,1.0
4978,1796.2644262544986,1.0
4982,1456.927441376899,1.0
4985,281.9680787106961,1.0
4991,1349.94613721638,1.0
4998,243.28599972743405,1.0
5000,3254.2184408083945,1.0
5004,2537.8186549325555,1.0
5005,3203.5368460640825,1.0
5011,3010.151083366478,1.0
5016,1417.6920664415113,1.0
5018,663.0101608877628,1.0
5034,757.4007264279908,1.0
5038,-366.71961127328314,0.0
5042,1020.043749499277,1.0
5046,163.3202594681145,1.0
5051,1746.087512869486,1.0
5054,1328.79230880981,1.0
5057,2453.3743879123663,1.0
5062,545.9517299275386,1.0
5063,135.32542968421762,1.0
5065,853.3316632197923,1.0
5066,1522.509404827873,1.0
5076,1608.243184381773,1.0
5089,1137.721984840979,1.0
5092,2522.9830313724838,1.0
5093,1927.4278225757162,1.0
5094,-40.070368774434655,0.0
5098,3232.524771697903,1.0
5102,244.0957349719265,1.0
5112,2530.9896062575226,1.0
5117,2715.8889645348613,1.0
5127,2495.900349397809,1.0
5130,2615.541988631822,1.0
5131,2620.632097277906,1.0
5132,2932.730778360467,1.0
5135,3747.4863501651926,1.0
5136,-747.429370936844,0.0
5147,2907.317327300546,1.0
5157,890.4789804403872,1.0
5160,1572.3914306408221,1.0
5165,-505.36794904444037,0.0
5166,2347.811823150966,1.0
5172,2818.026703693198,1.0
5173,973.2925009337418,1.0
5179,3450.9482951193268,1.0
5184,2770.3725384754202,1.0
5187,1579.0314271508662,1.0
5191,1207.5612896850284,1.0
5193,1548.9509947093056,1.0
5194,1628.9040758598048,1.0
5199,1613.4523170166374,1.0
5212,-649.9047202576548,0.0
5213,2063.0231258145172,1.0
5224,1838.5913306557725,1.0
5226,1066.3203142871464,1.0
5239,1701.1518020208557,1.0
5252,4190.914621218164,1.0
5264,1255.4794297818937,1.0
5266,-471.25563493060645,0.0
5271,-615.5133729852182,0.0
5273,-530.1946124925503,0.0
5276,2762.860057132789,1.0
5278,317.0775790811797,1.0
5281,3655.881724928004,1.0
5283,3623.148373715958,1.0
5291,951.2716812868573,1.0
5294,1879.871967459882,1.0
5296,1555.304340525045,1.0
5297,4278.990013439283,1.0
5313,-261.07438080471456,0.0
5314,1939.2361948233693,1.0
5321,1682.3247452258265,1.0
5325,-974.2234939654613,0.0
5326,1817.0667992444169,1.0
5328,140.59579891948852,1.0
5334,705.4671603873646,1.0
5338,2071.197620568515,1.0
5344,1823.2390857421608,1.0
5348,2130.875190951781,1.0
5352,1314.8655909636227,1.0
5353,891.7935624927894,1.0
5354,2091.2406099212476,1.0
5361,3702.493548059444,1.0
5364,-44.885743671790124,0.0
5365,513.3918669992046,1.0
5367,1772.1470822575109,1.0
5379,2173.881577978953,1.0
5382,2563.838764430568,1.0
5386,1450.5446639342154,1.0
5395,1244.7205705009803,1.0
5410,2877.262368113242,1.0
5411,717.4903882513033,1.0
5416,1582.10926063213,1.0
5424,2902.425536132858,1.0
5426,3315.241002341475,1.0
5428,1117.5052669494353,1.0
5430,1716.7358426500994,1.0
5433,1311.3011187918685,1.0
5437,-1272.2633148415994,0.0
5440,2057.292906760847,1.0
5442,4575.79193327619,1.0
5445,2829.9328208144143,1.0
5449,1248.0884140007415,1.0
5452,1683.9711496373604,1.0
5460,2029.2902224657346,1.0
5461,-656.7479761587988,0.0
5465,2237.1284933835213,1.0
5467,530.2445249695576,1.0
5471,1571.5684928445094,1.0
5474,4566.996092644616,1.0
5475,-675.077190092487,0.0
5480,420.61100015351667,1.0
5481,1482.0467584516578,1.0
5484,1056.1350194670256,1.0
5494,1337.811126238672,1.0
5495,3298.664736355071,1.0
5497,200.86707765035408,1.0
5499,3325.985412694968,1.0
5507,381.1444731388942,1.0
5510,1346.750599900327,1.0
5515,1412.6316968996905,1.0
5516,-41.832569321748,0.0
5517,1469.8353430689472,1.0
5524,99.87154467708274,1.0
5530,1641.1800015095953,1.0
5534,2222.607650687455,1.0
5543,2178.5864093598266,1.0
5545,2839.3061373502596,1.0
5558,1295.5741633801529,1.0
5562,1829.3048444763708,1.0
5573,4689.360677406156,1.0
5581,1249.2474422805212,1.0
5583,2950.661818389241,1.0
5587,1938.7180879482808,1.0
5589,4169.929034627963,1.0
5591,1362.8465500347277,1.0
5596,1929.801525275874,1.0
5606,3723.711305037256,1.0
5608,2078.3244758555047,1.0
5611,19.42093831123907,1.0
5612,1953.5562694688608,1.0
5614,1150.429459945554,1.0
5620,189.18874617459642,1.0
5623,230.9557985740828,1.0
5624,1663.4056647828852,1.0
5626,2108.3665471083705,1.0
5633,1367.9521019428807,1.0
5635,775.428235496238,1.0
5640,2481.200890407388,1.0
5643,1323.8054587907473,1.0
5644,1471.379499393203,1.0
5653,2013.2341515092628,1.0
5663,-763.807949168016,0.0
5664,1857.9266134996603,1.0
5667,3128.527724123973,1.0
5671,2972.3616552845588,1.0
5673,3421.2260165811285,1.0
5676,330.2820579798172,1.0
5678,1061.7620260181707,1.0
5698,2218.2095738148246,1.0
5700,160.16325230354687,1.0
5705,1826.9215978652533,1.0
5706,3141.424840505173,1.0
5711,230.1212216804288,1.0
5712,3380.546837703231,1.0
5716,1551.1769797989004,1.0
5719,2237.519141721384,1.0
5725,3196.6368502876276,1.0
5728,285.38558829596514,1.0
5734,978.5017158433866,1.0
5735,-214.5104077495962,0.0
5743,2361.8459076362888,1.0
5754,1412.3114947379213,1.0
5755,2193.6194488844403,1.0
5756,489.19918962561724,1.0
5766,299.1512502975147,1.0
5770,2308.2842160561904,1.0
5774,1205.7445688523828,1.0
5775,-402.2396307928209,0.0
5776,1318.1512927363704,1.0
5778,2.3854980003425226,1.0
5786,2466.003595431081,1.0
5787,2445.148870693404,1.0
5791,1788.2851717937313,1.0
5794,1284.7974077893136,1.0
5803,1638.8887046951806,1.0
5804,1070.448819880332,1.0
5808,1511.4170202025527,1.0
5810,-664.5050142878163,0.0
5813,1966.252490491741,1.0
5828,2048.1854035452498,1.0
5839,1591.8695295954938,1.0
5842,2663.700355339155,1.0
5843,261.7243362992258,1.0
5844,1887.1243450424747,1.0
5847,3811.0489797122086,1.0
5851,234.7932670642674,1.0
5854,1402.0564495341853,1.0
5857,-428.2982632382855,0.0
5866,2537.8500912433274,1.0
5874,800.5621563509113,1.0
5886,1417.6950708713166,1.0
5895,593.437282676766,1.0
5897,-513.3287141128101,0.0
5898,1213.3456377595644,1.0
5900,3792.6333535277136,1.0
5902,1958.1586922936717,1.0
5908,2851.8373191464198,1.0
5909,-34.43003317277248,0.0
5912,97.52022683280438,1.0
5913,1488.867190098092,1.0
5917,2279.642328177719,1.0
5918,3806.677889560614,1.0
5921,1118.0508483071749,1.0
5931,1157.1382462040574,1.0
5942,1950.1898708098904,1.0
5943,3341.2743595876864,1.0
5950,281.43897672203707,1.0
5954,-846.29911461961,0.0
5983,-428.2517576948728,0.0
5995,2994.122653157867,1.0
6002,1292.155193459817,1.0
6005,314.4103700368396,1.0
6009,2036.8632660252279,1.0
6011,-699.1747261791074,0.0
6012,-794.8817793152666,0.0
6019,1188.9195829134235,1.0
6021,1622.5823186454481,1.0
6029,4247.064630602221,1.0
6036,2443.8070765726316,1.0
6037,-1092.4016582908275,0.0
6038,-143.64814335033907,0.0
6043,217.35110737704395,1.0
6045,1127.5631170830284,1.0
6047,3633.7989696885033,1.0
6048,-208.81879791902838,0.0
6061,2509.6712972475552,1.0
6063,1339.6233740261703,1.0
6064,1279.4294605707194,1.0
6068,3758.864309589507,1.0
6069,26.88505693069601,1.0
6070,2485.270569944647,1.0
6071,1552.5578902642412,1.0
6074,2492.9869359902937,1.0
6079,2031.8771482713023,1.0
6082,421.1712002615725,1.0
6088,3918.5905683481224,1.0
6094,1983.9746600089868,1.0
6095,1403.8558946033984,1.0
6098,2766.744937128604,1.0
6102,-1000.9206498746034,0.0
6105,2557.908724343832,1.0
6113,977.0503450174139,1.0
6116,1454.204255977202,1.0
6120,2838.998979033029,1.0
6121,1385.4220853412835,1.0
6126,1983.2231804862204,1.0
6144,928.2209999439209,1.0
6145,316.83260769897424,1.0
6153,2802.292072402438,1.0
6156,1498.853813380396,1.0
6159,1333.8678415263144,1.0
6162,1145.6356462348042,1.0
6184,3077.184794679754,1.0
6188,2247.5183173898085,1.0
6189,2054.037813917416,1.0
6191,2408.2885890428383,1.0
6211,2834.922855622206,1.0
6216,1599.3092016426544,1.0
6218,2509.031708680209,1.0
6222,1587.554648226924,1.0
6235,620.9430873572376,1.0
6245,1352.493629314009,1.0
6248,3409.6133885878744,1.0
6253,1537.7589841878832,1.0
6256,-582.9720026045511,0.0
6257,2103.4417188164944,1.0
6259,2596.876533076298,1.0
6266,1286.662497516762,1.0
6268,1356.8824169747343,1.0
6275,2009.3782304747572,1.0
6280,3312.0112152514575,1.0
6283,2800.3349578226616,1.0
6288,523.9967528189785,1.0
6289,199.91162306449996,1.0
6301,683.1149040071328,1.0
6308,1803.7736134830104,1.0
6314,-220.56400463560203,0.0
6315,607.3745243077,1.0
6316,3734.9993156206933,1.0
6317,2139.5164305871376,1.0
6318,249.86374052823953,1.0
6323,2986.589373047753,1.0
6329,3266.150476734507,1.0
6336,1970.1980173716433,1.0
6341,4837.051261752413,1.0
6348,1958.0974724038772,1.0
6349,364.2262176514355,1.0
6365,351.43656228557256,1.0
6372,290.0042716633627,1.0
6376,378.1393791491678,1.0
6378,410.8346685650449,1.0
6379,3918.7026825930297,1.0
6382,1048.192520379045,1.0
6383,3242.197615426103,1.0
6389,2557.162949918882,1.0
6390,267.85413207293163,1.0
6392,349.3007927228491,1.0
6394,3357.5294583681593,1.0
6402,1128.1675415394163,1.0
6404,1605.940544176474,1.0
6405,-723.291547474912,0.0
6406,1347.540703324841,1.0
6409,1167.6680381297938,1.0
6410,447.600052052509,1.0
6411,1387.580426732925,1.0
6421,332.0319935352952,1.0
6428,2071.348450662682,1.0
6429,1097.6331497988767,1.0
6432,827.2271833097075,1.0
6436,-607.4046518321061,0.0
6437,1947.750778539153,1.0
6438,1078.282847891196,1.0
6445,859.1542490125981,1.0
6447,2409.9549608223733,1.0
6450,-123.1334811686711,0.0
6462,1576.3833396419318,1.0
6467,4017.403521975228,1.0
6478,-191.24729308509222,0.0
6484,1362.4077893264641,1.0
6492,2119.4811314509475,1.0
6497,104.55538957888166,1.0
6504,838.560751553168,1.0
6505,1065.6504438393115,1.0
6513,2166.171142039253,1.0
6525,747.987083104912,1.0
6526,2371.9997051343034,1.0
6528,186.5180784025174,1.0
6540,-1228.439277776993,0.0
6542,1097.6576405931496,1.0
6544,2157.108738999497,1.0
6548,1103.5772657216928,1.0
6552,2069.2712439634906,1.0
6558,-479.6170832400785,0.0
6567,394.68140916545804,1.0
6569,3721.88038218089,1.0
6572,261.3875459748897,1.0
6577,1307.5653120092097,1.0
6581,2479.3472281944987,1.0
6588,3082.0824598522,1.0
6591,2190.432690653517,1.0
6594,2405.762235387019,1.0
6600,3111.7296887474176,1.0
6602,2212.6640052384287,1.0
6604,262.28820062057184,1.0
6605,452.33529856301493,1.0
6614,1095.6476944265019,1.0
6616,2381.466559781449,1.0
6621,2219.5031072694374,1.0
6640,2487.3567027564472,1.0
6641,2467.8096606601634,1.0
6643,466.11608717086096,1.0
6644,1745.4957146385889,1.0
6649,3616.469630986403,1.0
6650,2853.181871138723,1.0
6655,2359.563275691716,1.0
6661,-536.7117505615163,0.0
6672,2146.5290054409247,1.0
6677,-377.28694393257956,0.0
6688,744.5376006164529,1.0
6689,738.3237767285826,1.0
6691,-157.25399092230327,0.0
6692,1693.464039763097,1.0
6694,2830.9017416812026,1.0
6702,2844.2435079357247,1.0
6714,138.47524424287099,1.0
6716,1746.137009418701,1.0
6724,1266.099804020536,1.0
6725,371.6436522291606,1.0
6730,1580.613038160563,1.0
6735,2575.8459008596556,1.0
6738,2922.110068466606,1.0
6739,1819.5341542519177,1.0
6743,1381.240310161724,1.0
6747,1121.5666533256908,1.0
6750,3906.8725521074803,1.0
6751,2127.0942849967832,1.0
6753,1945.0980388465302,1.0
6754,2567.359943776314,1.0
6755,1252.8231622398282,1.0
6762,1370.0503600057352,1.0
6764,203.08556519482272,1.0
6772,2959.025487424705,1.0
6774,784.7542099452594,1.0
6787,1546.8744346433386,1.0
6789,-338.5256556029435,0.0
6793,1999.023051424039,1.0
6798,-604.0644032549749,0.0
6799,-522.3153624622184,0.0
6800,689.5153206006459,1.0
6802,-73.75230574600846,0.0
6808,1688.922604634324,1.0
6809,474.7004487420561,1.0
6812,-569.5609719340694,0.0
6814,3966.238969834494,1.0
6816,2369.171670009059,1.0
6822,1879.6036450383504,1.0
6829,2609.043714713296,1.0
6834,4719.396442660807,1.0
6836,-381.9770674682584,0.0
6839,1018.5889188755036,1.0
6840,1739.0070329138568,1.0
6843,986.9299222149662,1.0
6846,2589.328707468413,1.0
6848,-126.43209489934634,0.0
6852,218.63011343809785,1.0
6856,1185.7823381255605,1.0
6860,833.7773251039134,1.0
6866,1898.4738852218559,1.0
6870,1397.9984529374467,1.0
6878,2322.259520580485,1.0
6880,1432.1707577388324,1.0
6885,-458.08783800767014,0.0
6897,423.4696785056142,1.0
6902,3361.1084851400333,1.0
6904,2648.2101080489415,1.0
6907,179.22108212532885,1.0
6909,1867.0847043577724,1.0
6914,2694.3822106264615,1.0
6915,2719.1830509491774,1.0
6922,1189.1720934921432,1.0
6924,1486.3657322238967,1.0
6933,-148.2067107430007,0.0
6934,961.9200667695163,1.0
6941,1572.8300630885321,1.0
6957,1744.1360577563778,1.0
6960,714.5738738468455,1.0
6969,715.9623339560467,1.0
6975,1209.3421589966008,1.0
6980,3241.4589098782353,1.0
6983,698.9145895848226,1.0
6987,1332.751743307159,1.0
6994,-50.43368268115705,0.0
6997,-1491.1563529992077,0.0
7002,950.6502499572977,1.0
7010,257.89599143024,1.0
7015,2702.493558843036,1.0
7019,1372.6127246104857,1.0
7022,2135.1033568920966,1.0
7025,610.343552361342,1.0
7029,571.267268414702,1.0
7031,1494.096513095451,1.0
7037,2085.8417118471893,1.0
7038,1816.285389705692,1.0
7043,706.4799446639613,1.0
7049,318.1740735609801,1.0
7052,1236.8123626233364,1.0
7053,1817.0958344116812,1.0
7056,-1224.1682525694318,0.0
7057,2101.6487050620576,1.0
7080,1473.7456371468281,1.0
7086,2244.311845623251,1.0
7087,447.41167942613924,1.0
7105,2072.322493516204,1.0
7108,-891.1476165044501,0.0
7121,1262.548135837449,1.0
7122,1585.7195122709218,1.0
7125,2603.2140165513947,1.0
7132,1958.7791517484434,1.0
7134,1330.6401470356034,1.0
7151,1134.7794221300596,1.0
7152,3081.8735299432687,1.0
7157,1255.9933597986744,1.0
7159,1685.4111916259749,1.0
7166,3198.7988863836185,1.0
7167,511.64376894852603,1.0
7177,-259.9484225043691,0.0
7179,3660.124487244727,1.0
7181,2243.478625930788,1.0
7183,1640.3396059085107,1.0
7186,-285.87445640887427,0.0
7193,487.5373088844964,1.0
7205,-147.1042874086836,0.0
7207,-746.8466234627867,0.0
7209,2322.154076338872,1.0
7216,1961.4639355904078,1.0
7232,4018.2415249857645,1.0
7235,710.8499188186466,1.0
7238,2127.145085112873,1.0
7240,3082.0300209900843,1.0
7243,1611.4212869081693,1.0
7252,2212.7653023424596,1.0
7269,2139.819442440039,1.0
7275,-315.5472830446754,0.0
7281,1611.8353891379913,1.0
7283,1135.403520514819,1.0
7287,1875.7756759150823,1.0
7289,2214.764185515032,1.0
7291,2520.711359545414,1.0
7294,-312.15370242962877,0.0
7304,1972.530179130876,1.0
7308,1864.344669723659,1.0
7313,540.1949440796749,1.0
7319,2180.4244112620995,1.0
7325,787.7063079131995,1.0
7326,1199.0841349621269,1.0
7330,1940.0748780716322,1.0
7332,-519.6488865555948,0.0
7337,1632.6823390719574,1.0
7341,860.6643863519585,1.0
7346,3405.719762328548,1.0
7353,2770.388504113304,1.0
7354,2811.1508943041163,1.0
7361,2428.6179859100275,1.0
7366,2957.032031617664,1.0
7368,-761.2200493974583,0.0
7372,-600.1183915381785,0.0
7375,2191.300146383063,1.0
7377,1781.6482117039855,1.0
7380,1202.5444199810554,1.0
7382,2395.102163792664,1.0
7385,4054.8531801820927,1.0
7392,3469.664846752551,1.0
7395,719.7448402830275,1.0
7397,960.2113209839902,1.0
7403,365.2543232225198,1.0
7406,2305.4419606132806,1.0
7409,3093.4052635851267,1.0
7410,1660.7536346817706,1.0
7412,339.71734302508025,1.0
7419,1567.6886245339651,1.0
7425,-125.11839521275147,0.0
7435,1529.6590508337754,1.0
7438,2099.679726134254,1.0
7440,1908.7298165670775,1.0
7447,664.5650479952213,1.0
7449,2934.6967227092705,1.0
7456,1501.9420635431993,1.0
7464,939.683218736154,1.0
7478,1904.0879845064828,1.0
7480,-83.19548097588017,0.0
7481,2470.065696174278,1.0
7483,729.3152798850039,1.0
7484,1970.2021577427777,1.0
7491,3126.054827488979,1.0
7494,2693.8629072866534,1.0
7501,2759.9168641804768,1.0
7503,4392.822997334288,1.0
7509,2282.483516931287,1.0
7517,784.6767476630367,1.0
7518,1384.2703964359475,1.0
7519,2698.3671494317687,1.0
7521,2050.2205970683326,1.0
7522,2562.556717168111,1.0
7536,1422.455084353652,1.0
7539,522.9755853918396,1.0
7547,2803.8081619445757,1.0
7549,136.62892401972044,1.0
7552,2091.764221353055,1.0
7554,2241.746229550041,1.0
7556,482.7000573002032,1.0
7564,929.3207941996286,1.0
7566,1886.119894924972,1.0
7570,1757.9240676080742,1.0
7571,-254.55794654182864,0.0
7572,1563.126051375181,1.0
7575,1179.516209872735,1.0
7586,175.04812900330717,1.0
7589,876.5412253743348,1.0
7590,144.6117959747637,1.0
7597,1468.1081248672199,1.0
7602,193.0302580401701,1.0
7604,2539.988636953369,1.0
7605,1690.971621374693,1.0
7612,4009.744848726898,1.0
7615,852.0514352182304,1.0
7617,1521.5884017360077,1.0
7624,763.4808051815231,1.0
7632,843.1468643682664,1.0
7639,1621.932255834466,1.0
7642,2624.8991467343103,1.0
7643,1134.3297571080025,1.0
7649,1771.6856350430032,1.0
7650,1847.2302974784375,1.0
7653,2118.0618933421692,1.0
7654,1493.234133706782,1.0
7657,3591.2877587983035,1.0
7662,1436.3510615987257,1.0
7669,3949.467180071374,1.0
7671,-875.2267929022341,0.0
7675,468.7434279523618,1.0
7678,2121.5440808411167,1.0
7682,3740.306516352802,1.0
7688,2066.1940377686615,1.0
7689,2041.7262404604166,1.0
7690,1556.887533316238,1.0
7692,2879.4373719153673,1.0
7699,2139.0821232564454,1.0
7705,2432.7332347742463,1.0
7712,1347.5430312631838,1.0
7726,2588.965896006578,1.0
7728,1089.9931382531565,1.0
7735,1836.4978393453953,1.0
7737,2846.272418811879,1.0
7739,503.7630932724562,1.0
7743,3527.3922836295706,1.0
7744,1778.826890778299,1.0
7746,799.2826360512599,1.0
7749,2012.249262112371,1.0
7750,1245.9742571032791,1.0
7752,68.65188362812978,1.0
7755,934.364557544097,1.0
7756,4263.204349249638,1.0
7762,1602.4170876518642,1.0
7764,2439.2035209269325,1.0
7769,871.4272596517344,1.0
7770,2063.410060354204,1.0
7776,448.9718548267974,1.0
7778,1232.4109265928082,1.0
7784,3040.5050720959916,1.0
7786,1542.7190595744667,1.0
7789,1228.6226686994999,1.0
7793,1804.219300410382,1.0
7794,1349.2914042439,1.0
7804,1913.341201005061,1.0
7811,1263.0241659368062,1.0
7813,1255.1837474962326,1.0
7815,1701.1514511287862,1.0
7817,-824.1543350711313,0.0
7818,2912.3071649839258,1.0
7821,1175.6248691183516,1.0
7825,-643.209110207134,0.0
7830,2086.541089661672,1.0
7832,986.6670231213698,1.0
7835,-999.981889985319,0.0
7839,1413.6187859035385,1.0
7842,269.22613422445465,1.0
7849,2951.0052271547565,1.0
7856,2387.57540759013,1.0
7857,-1579.0174039586686,0.0
7863,242.08308921033472,1.0
7866,1188.4760288383704,1.0
7871,312.9106197684514,1.0
7875,1811.0326767852093,1.0
7882,4659.250032167731,1.0
7887,2610.318664862984,1.0
7888,3857.256046963564,1.0
7891,5146.3500872968825,1.0
7895,-278.180614766311,0.0
7901,2191.3021934543185,1.0
7906,1874.8058888661974,1.0
7908,4099.436111186367,1.0
7917,1336.3446104239179,1.0
7924,3069.8322950104075,1.0
7948,1607.1324375358797,1.0
7950,3510.5489259865344,1.0
7955,1355.5941707167372,1.0
7957,79.95079252520668,1.0
7959,1187.09919919212,1.0
7967,355.3437250939114,1.0
7969,1140.2378664295268,1.0
7971,1647.8326911803758,1.0
7974,2488.8867857481255,1.0
7976,240.0415454535712,1.0
7986,3375.1927756973937,1.0
7987,3028.65914027996,1.0
7993,1601.849801030672,1.0
7996,2650.284069888253,1.0
7998,1560.95623935366,1.0
8018,233.96283817124572,1.0
8019,2394.074829651349,1.0
8027,-919.8714380788329,0.0
8036,611.9787568483105,1.0
8040,-6.0392754111230715,0.0
8044,1333.8361179569076,1.0
8050,748.5857818689319,1.0
8052,3332.6969642392714,1.0
8054,1616.9701429112656,1.0
8057,2658.8862943217337,1.0
8058,1400.2935537840362,1.0
8059,2741.617706427566,1.0
8066,3605.5417343528225,1.0
8070,690.5891391816456,1.0
8072,1850.0892275854194,1.0
8078,-532.1782150484864,0.0
8079,455.0792564230462,1.0
8080,1215.9978896291448,1.0
8081,1623.9199090525708,1.0
8088,1001.6107989319693,1.0
8091,3539.3497248513613,1.0
8094,1552.3465455183962,1.0
8095,3752.1412489567783,1.0
8099,799.7819446249724,1.0
8101,1871.0001996088586,1.0
8102,-276.8830592804977,0.0
8116,1657.181992358563,1.0
8125,2100.751931139996,1.0
8134,2355.0485191051066,1.0
8139,-133.6695600228138,0.0
8141,730.0005128448036,1.0
8147,641.3993658621844,1.0
8158,1731.97866919336,1.0
8160,697.2563883721333,1.0
8165,1557.0781064855828,1.0
8187,2181.8068033090817,1.0
8205,2696.421703063754,1.0
8209,2584.340275175203,1.0
8211,2322.7834325999347,1.0
8232,-1434.5924807541055,0.0
8236,219.11790515780194,1.0
8237,1940.6196806257321,1.0
8238,3509.121038896579,1.0
8245,2319.9750501870085,1.0
8256,947.5662027897338,1.0
8268,138.04180987866198,1.0
8269,-667.1150038773039,0.0
8270,1854.4602081819621,1.0
8286,949.0641428880347,1.0
8289,460.31981995047886,1.0
8301,1954.1986807476703,1.0
8305,781.231745676569,1.0
8310,2652.094740372215,1.0
8312,557.2273720293613,1.0
8318,3920.5959525702897,1.0
8321,968.878780370853,1.0
8328,151.92508076165427,1.0
8331,310.9524163735191,1.0
8334,1161.7457354808082,1.0
8344,2508.8498407424904,1.0
8345,1578.3841745826658,1.0
8352,1724.6788889060954,1.0
8358,2398.9853903063536,1.0
8359,1288.0431915604552,1.0
8360,1518.4196293519828,1.0
8365,2968.067765220094,1.0
8366,841.8966650863443,1.0
8369,3086.9598963318376,1.0
8373,715.9160823343307,1.0
8378,1614.4598222219263,1.0
8392,1013.2332397110215,1.0
8397,2064.4096508347907,1.0
8399,849.600450565799,1.0
8400,827.3549666098218,1.0
8405,3841.1872179306793,1.0
8406,152.84867007244975,1.0
8410,527.1789501387445,1.0
8413,274.82757072857225,1.0
8414,2111.209455992057,1.0
8416,3679.9062285100335,1.0
8426,140.26855520782965,1.0
8434,1832.339794259527,1.0
8439,1387.2111189865798,1.0
8440,746.3888205641969,1.0
8475,-410.99986247060565,0.0
8480,791.8142621000576,1.0
8497,1593.2647876834026,1.0
8499,3882.315317794889,1.0
8500,1747.4443956678517,1.0
8501,620.646496683192,1.0
8502,2198.3734648019954,1.0
8518,1389.8566863491542,1.0
8520,2302.8218418540346,1.0
8523,2279.141759725319,1.0
8525,1824.0578788435216,1.0
8532,1057.0090950940323,1.0
8535,2459.8185231062253,1.0
8543,829.9798265316219,1.0
8554,1133.992990183158,1.0
8560,1160.2294610831957,1.0
8561,1472.2274801428339,1.0
8563,63.029325159572636,1.0
8566,3465.1335103226124,1.0
8570,2164.97531846784,1.0
8572,247.75909933311073,1.0
8582,702.1896194082937,1.0
8583,1802.880457572513,1.0
8587,1531.2575261668312,1.0
8592,1430.2138718603826,1.0
8593,2205.726610499416,1.0
8607,-782.6157953062971,0.0
8609,1586.382804659504,1.0
8610,560.0137349659263,1.0
8614,2365.547200114553,1.0
8616,2318.3537628073136,1.0
8622,1073.3149989730355,1.0
8623,455.3621152244091,1.0
8624,2045.7547427490936,1.0
8633,1290.15076634926,1.0
8641,2417.1008720036334,1.0
8644,3110.1585933548736,1.0
8649,3069.6069703617563,1.0
8653,812.9367228932329,1.0
8657,1173.6534171042008,1.0
8658,560.5077662390423,1.0
8663,299.64466454622834,1.0
8672,2737.421435922827,1.0
8680,2505.5315836013824,1.0
8684,1441.5386903458887,1.0
8687,546.908998362311,1.0
8688,-138.03545049500303,0.0
8690,1592.8424465059545,1.0
8712,1323.025910340437,1.0
8717,1706.4557886214038,1.0
8730,196.49978212149495,1.0
8739,1562.4349222493884,1.0
8744,-101.4089982960902,0.0
8747,1694.5704026450253,1.0
8748,1817.6372670179437,1.0
8751,3343.116833865533,1.0
8758,1837.16453949754,1.0
8761,2305.8993258294836,1.0
8763,-1144.3162716333386,0.0
8764,1332.4018559559627,1.0
8765,769.978211831972,1.0
8773,307.8181352298868,1.0
8780,1174.5442808011476,1.0
8781,906.0299651426852,1.0
8782,1834.9525944379152,1.0
8785,1498.741608737432,1.0
8786,1775.9609507158714,1.0
8797,3907.1033671626215,1.0
8799,509.9135462060052,1.0
8807,3214.287963781907,1.0
8816,186.04861384247738,1.0
8817,961.6017371425614,1.0
8826,1790.9430427437778,1.0
8833,1576.2702202658734,1.0
8834,816.5935019587112,1.0
8835,1639.9223468915663,1.0
8840,977.5838881703503,1.0
8843,711.9111622672315,1.0
8849,1288.0201833982587,1.0
8855,1895.0136131874292,1.0
8861,1765.9452068916612,1.0
8862,919.6923161491763,1.0
8865,1820.4997486740592,1.0
8868,-1178.4349876164083,0.0
8870,-188.2180460226541,0.0
8880,1720.9331821081848,1.0
8885,-84.74723634665133,0.0
8894,1639.2014891960791,1.0
8895,933.4220798930183,1.0
8899,18.683232783200083,1.0
8912,2617.7078217159437,1.0
8922,-711.1712336158785,0.0
8924,498.4133118316182,1.0
8928,1011.8581769942526,1.0
8932,1659.4054707406067,1.0
8943,1007.7856597710011,1.0
8945,750.5310260441515,1.0
8946,467.19638765424975,1.0
8954,2596.171179992639,1.0
8958,2067.289631025981,1.0
8960,2693.6422882959328,1.0
8965,1162.798907287368,1.0
8966,91.34095496772238,1.0
8967,481.65676573247936,1.0
8969,1840.9092112906303,1.0
8980,1501.0684294901682,1.0
8984,-584.7632859514893,0.0
8985,3733.8980947018204,1.0
8988,2620.3627330490062,1.0
8989,2212.524259682018,1.0
8995,785.7477331149391,1.0
9004,1236.1801030202646,1.0
9010,-263.78374731028543,0.0
9012,2149.8295375597754,1.0
9018,1864.1692874666087,1.0
9036,1195.226433416081,1.0
9037,1322.6803772514263,1.0
9040,946.7270651057835,1.0
9041,2155.387190211908,1.0
9044,2668.7658537212797,1.0
9045,1057.1004858809602,1.0
9047,2522.4752132878994,1.0
9049,-566.3882273605695,0.0
9061,-610.781191553895,0.0
9062,2557.6027671381307,1.0
9076,1745.164010218186,1.0
9079,1149.3768795140713,1.0
9081,1284.3598555716926,1.0
9082,1399.8523333239364,1.0
9089,2691.82002717667,1.0
9092,1597.6991094871628,1.0
9094,2675.596464882944,1.0
9115,-173.14009065476603,0.0
9117,1591.0467911837507,1.0
9118,2272.2318346744783,1.0
9120,133.59402417609613,1.0
9124,-156.8295015002318,0.0
9128,1962.9932563072414,1.0
9135,2394.0368521079417,1.0
9136,3763.5673883752866,1.0
9138,1418.5509582014943,1.0
9157,2256.7769701550724,1.0
9176,-227.00612521775201,0.0
9183,2136.7783188991352,1.0
9187,2145.105732003956,1.0
9188,1604.4997171886982,1.0
9190,737.8730871915542,1.0
9197,-437.73125894378745,0.0
9200,309.00227033956116,1.0
9201,1332.0830080713429,1.0
9203,-318.95028879512756,0.0
9212,1788.5510190338387,1.0
9213,305.4969385487566,1.0
9214,1200.5658159041952,1.0
9217,1618.5737603287935,1.0
9219,-1506.7330539610894,0.0
9220,1467.448114871431,1.0
9221,1438.0709872764776,1.0
9237,-590.627260056152,0.0
9240,888.449720229998,1.0
9241,-1050.5466886894842,0.0
9248,1727.8697912708813,1.0
9253,2390.0801556443425,1.0
9259,3058.4351907452083,1.0
9267,1287.1938688651794,1.0
9271,2148.4556710088673,1.0
9273,532.3345360486198,1.0
9285,-7.459889035399556,0.0
9290,2125.1732108881415,1.0
9291,1486.0007798754013,1.0
9293,652.8725392896251,1.0
9294,384.10173956553285,1.0
9301,1509.0215334098534,1.0
9302,340.44059671588957,1.0
9312,-1171.5164475001484,0.0
9316,2870.0735710954314,1.0
9319,2877.1924364949623,1.0
9328,1233.5256353488626,1.0
9331,2424.4570582629076,1.0
9338,201.12583026535276,1.0
9350,1955.0426276267403,1.0
9356,1202.9786434271487,1.0
9359,2292.3339847218167,1.0
9362,2699.3405951751142,1.0
9364,1392.928113921449,1.0
9370,1693.5996649089293,1.0
9380,729.2586967698393,1.0
9386,965.9202284893053,1.0
9394,1862.329187946374,1.0
9407,2352.750657239302,1.0
9411,3430.7414150946247,1.0
9422,2574.5526337982333,1.0
9423,1295.341194499231,1.0
9429,1346.4350505529708,1.0
9433,1497.1401852574052,1.0
9439,638.1845745572997,1.0
9451,1363.492210765744,1.0
9452,2806.338443929937,1.0
9453,-1205.385372322004,0.0
9460,-411.84043561044473,0.0
9465,101.56477030242127,1.0
9470,44.2590385184983,1.0
9476,1633.6882959976758,1.0
9485,3174.6380704200656,1.0
9486,1.198701621076225,1.0
9488,1684.5856863274644,1.0
9507,-1224.9215854426825,0.0
9508,2984.8980977043157,1.0
9517,1692.9558399849245,1.0
9521,2098.1799737129313,1.0
9528,767.5141488737413,1.0
9532,2378.6676377364197,1.0
9536,1582.6277363417007,1.0
9540,846.1947777351053,1.0
9542,1013.1352023136242,1.0
9546,2102.6095031165023,1.0
9548,1085.4244529968105,1.0
9549,1160.1891493724445,1.0
9554,1761.1111171006648,1.0
9555,2156.081862508483,1.0
9558,707.2274378419518,1.0
9573,3414.3975314211193,1.0
9575,3394.3762273818093,1.0
9584,3129.639544902734,1.0
9586,1422.1248259693996,1.0
9588,1564.6195618951128,1.0
9591,2002.3827461232977,1.0
9592,4425.838952853464,1.0
9597,1784.9803424039333,1.0
9600,250.01733505562697,1.0
9603,2644.3698271431517,1.0
9605,2562.378693139835,1.0
9614,3189.862978136067,1.0
9616,-177.28589789017224,0.0
9622,2593.7284992331597,1.0
9624,759.3155992385846,1.0
9629,3478.976922381582,1.0
9633,499.92548240102735,1.0
9640,1493.0653750446827,1.0
9644,2346.2897043466705,1.0
9645,2185.5125210789647,1.0
9646,719.3324283513282,1.0
9648,5082.572015673191,1.0
9649,-171.75127169263146,0.0
9660,1675.954531983099,1.0
9664,2474.6517191295657,1.0
9675,242.14592425291607,1.0
9679,3588.1863976053223,1.0
9680,2529.5496658634906,1.0
9682,519.508154368793,1.0
9697,-339.4678004267257,0.0
9701,1453.735459427096,1.0
9704,1668.9760467076915,1.0
9705,1415.8591859020653,1.0
9707,1781.3589183273048,1.0
9714,-168.77466163463214,0.0
9718,1006.8896374701999,1.0
9722,1358.4360707324877,1.0
9739,851.3544454347355,1.0
9747,3301.4099812230847,1.0
9751,691.7314582564412,1.0
9757,1049.7030440305928,1.0
9759,-800.9859164303039,0.0
9760,221.94401497141143,1.0
9764,2951.8059462142337,1.0
9776,2435.9854528775113,1.0
9778,1240.4574156196802,1.0
9786,880.8701750089059,1.0
9803,2251.407603152378,1.0
9804,530.0663102907272,1.0
9815,854.8273555328012,1.0
9824,156.69814928729556,1.0
9825,1741.7151600692598,1.0
9826,2581.632161318863,1.0
9827,-492.02353343179607,0.0
9833,647.9626061498127,1.0
9835,320.6425955269899,1.0
9860,2127.836587959908,1.0
9865,1726.4285815033275,1.0
9871,1900.2549121161694,1.0
9874,1472.524860175839,1.0
9880,1567.3999321177307,1.0
9882,2821.4404879991134,1.0
9885,801.5670568765174,1.0
9888,3599.0034959151885,1.0
9892,448.97046741110034,1.0
9893,2190.264175630374,1.0
9896,1878.0748429264393,1.0
9902,331.4872364145356,1.0
9906,948.1067551653257,1.0
9910,1849.191759049406,1.0
9914,1431.670597603867,1.0
9918,1949.6631733779307,1.0
9920,1386.6839844166354,1.0
9926,1294.4652174973073,1.0
9931,723.7546588488959,1.0
9935,2163.4239150884587,1.0
9945,3948.4351257299886,1.0
9953,1863.146717446243,1.0
9957,-872.9583555107342,0.0
9963,1116.8840704195732,1.0
9972,1438.1350613622567,1.0
9976,3134.0495947437475,1.0
9979,2329.1270748025186,1.0
9980,-189.89805463523066,0.0
9982,1135.0336436540658,1.0
9991,3892.5069890006653,1.0
10000,1492.4313307734117,1.0
10003,1681.905849074748,1.0
10005,5015.206153054598,1.0
10014,-1043.3946120699638,0.0
10032,2503.8724453566615,1.0
10034,2414.1331909872288,1.0
10041,-586.7294379988502,0.0
10042,-267.66963355396683,0.0
10044,275.38092898613354,1.0
10045,1477.6212283076836,1.0
10054,2665.845159063432,1.0
10061,1721.2364106430036,1.0
10062,2681.176451704806,1.0
10073,1165.9037817767557,1.0
10081,-75.05116746625185,0.0
10084,2394.770856202066,1.0
10086,1164.8808851535907,1.0
10093,1683.5721820925578,1.0
10101,2876.25591332597,1.0
10105,3008.319621840299,1.0
10110,1803.3729013112202,1.0
10113,3676.001953605711,1.0
10115,2781.203983304864,1.0
10119,3254.5327219759056,1.0
10121,1716.7287788225353,1.0
10124,4387.519113351269,1.0
10126,1872.647475016052,1.0
10127,353.2878572823688,1.0
10145,1333.394182639985,1.0
10147,2085.811859001256,1.0
10148,-493.41462939693406,0.0
10162,1061.858989581847,1.0
10163,474.56949362617024,1.0
10166,4455.624736669453,1.0
10172,-32.867053462002104,0.0
10173,2513.0979725520965,1.0
10175,-557.3958267504813,0.0
10180,41.518201588967486,1.0
10186,225.66996055630398,1.0
10192,2839.7804990013,1.0
10199,1833.9704742461827,1.0
10209,4998.715538138453,1.0
10210,1236.086206849035,1.0
10214,-12.623837258464164,0.0
10215,2115.0211100826923,1.0
10216,3864.9475468375254,1.0
10232,2491.0979173929813,1.0
10239,1442.4855627710797,1.0
10249,76.42075531938622,1.0
10253,2457.5968275753817,1.0
10255,1487.5106847850939,1.0
10262,790.3682145586273,1.0
10264,-318.74450913797,0.0
10266,1378.779531601534,1.0
10268,1876.3030975678926,1.0
10271,2077.73717173664,1.0
10272,1231.9944492230682,1.0
10276,2663.678308033684,1.0
10277,-361.482994324532,0.0
10279,1291.837101472218,1.0
10281,42.1228103804126,1.0
10285,-1968.9641634766376,0.0
10294,2025.8064571402658,1.0
10300,713.7169052455405,1.0
